fillHash,bettor,side,stake,odds,marketLabel,betLabel,competition,gameLabel,teamOneName,teamTwoName,marketHash,sportXeventId,maker,settled,tradeStatus,valid,betTime,gameTime,netReturn,chainVersion,baseToken
0x5ceaac65cfb49663f8c6eb09c718af0d80893b1fdfd2d36dd13806fefdf6adfb,0x97EC1C9682F70091efB04e97b0B34698cF815EE1,,17.47,1.365,1X2,,Bundesliga,SK Rapid Wien vs Grazer AK,SK Rapid Wien,Grazer AK,0xdbdb28c6eda6dd3731d4bd1492768856d41868a3733615b06652a75fb151c3ea,L19729742,0,0,SUCCESS,1,1786899010,1786899600,47.863014,SXR,0x6629Ce1Cf35Cc1329ebB4F63202F3f197b3F050B
0x73da8803d7ee64a3910005041a3110cc3378a155360a96657d3d4a3f94d01016,0x97EC1C9682F70091efB04e97b0B34698cF815EE1,,32.09,1.3588,1X2,,Bundesliga,SK Rapid Wien vs Grazer AK,SK Rapid Wien,Grazer AK,0xdbdb28c6eda6dd3731d4bd1492768856d41868a3733615b06652a75fb151c3ea,L19729742,0,0,SUCCESS,1,1786898440,1786899600,89.449477,SXR,0x6629Ce1Cf35Cc1329ebB4F63202F3f197b3F050B
0xe5dcd1db8cec5f70330ead9ad2fce6375a131506f49d3df470ea8460f6c81fd8,0x97EC1C9682F70091efB04e97b0B34698cF815EE1,1,96.77,1.225,1X2,Tie,Bundesliga,SK Rapid Wien vs Grazer AK,SK Rapid Wien,Grazer AK,0xe871719b5fd77c56cc970200624c2bdc63c0892cbbb3c746da8dd2228878d10d,L19729742,0,0,SUCCESS,1,1786898414,1786899600,430.088889,SXR,0x6629Ce1Cf35Cc1329ebB4F63202F3f197b3F050B
0x4e0b8a45b38c5b219d81ae6dbf44975a0ee589959cc911cb808014eee0895f42,0x97EC1C9682F70091efB04e97b0B34698cF815EE1,1,24.19,1.225,1X2,Tie,Bundesliga,SK Rapid Wien vs Grazer AK,SK Rapid Wien,Grazer AK,0xe871719b5fd77c56cc970200624c2bdc63c0892cbbb3c746da8dd2228878d10d,L19729742,0,0,SUCCESS,1,1786898257,1786899600,107.511111,SXR,0x6629Ce1Cf35Cc1329ebB4F63202F3f197b3F050B
0x99d754e018894c9ea8038d292dc7894f5ecbea2c94e542924f43643c83a12bd8,0x97EC1C9682F70091efB04e97b0B34698cF815EE1,1,30.24,1.225,1X2,Tie,Bundesliga,SK Rapid Wien vs Grazer AK,SK Rapid Wien,Grazer AK,0xe871719b5fd77c56cc970200624c2bdc63c0892cbbb3c746da8dd2228878d10d,L19729742,0,0,SUCCESS,1,1786898088,1786899600,134.4,SXR,0x6629Ce1Cf35Cc1329ebB4F63202F3f197b3F050B
0x5b946fa0bb3c80fdefea4e5f7fbbd187af04a31236c6a2c111f023698a411670,0x97EC1C9682F70091efB04e97b0B34698cF815EE1,1,37.8,1.225,1X2,Tie,Bundesliga,SK Rapid Wien vs Grazer AK,SK Rapid Wien,Grazer AK,0xe871719b5fd77c56cc970200624c2bdc63c0892cbbb3c746da8dd2228878d10d,L19729742,0,0,SUCCESS,1,1786897911,1786899600,168.0,SXR,0x6629Ce1Cf35Cc1329ebB4F63202F3f197b3F050B
0x78199d2e1aef194f0737ab2a9075d00d702135c31f24aa0d8e00d0f18df0fb60,0x7E3a6e22cac4eECeceCc7D9086d7c0fE1195Ec16,,1.12438,1.3687,1X2,,Bundesliga,SK Rapid Wien vs Grazer AK,SK Rapid Wien,Grazer AK,0xdbdb28c6eda6dd3731d4bd1492768856d41868a3733615b06652a75fb151c3ea,L19729742,0,0,SUCCESS,1,1786897823,1786899600,3.049166,SXR,0x6629Ce1Cf35Cc1329ebB4F63202F3f197b3F050B
0x1a0ef0b91d414b5112f11ec947c91b9bb51503ed573988444130c89f163b8a6c,0x97EC1C9682F70091efB04e97b0B34698cF815EE1,,5.41,1.5,Asian Handicap (-1),,Bundesliga,SK Rapid Wien vs Grazer AK,SK Rapid Wien,Grazer AK,0xd82792714977a1e1854d6118e52f33426129550b0fd4b33ec47b59156e6c8715,L19729742,0,0,SUCCESS,1,1786897675,1786899600,10.82,SXR,0x6629Ce1Cf35Cc1329ebB4F63202F3f197b3F050B
0xe135239a24e8a4f98de7baf7a34e75b7011df984286c3350b4b121bc88d22f6e,0xFD3a22179CA4104E97c670b834750Bd7Ff310b17,1,31.19,1.625,1X2,SK Rapid Wien,Bundesliga,SK Rapid Wien vs Grazer AK,SK Rapid Wien,Grazer AK,0xdbdb28c6eda6dd3731d4bd1492768856d41868a3733615b06652a75fb151c3ea,L19729742,0,0,SUCCESS,1,1786896904,1786899600,49.904,SXR,0x6629Ce1Cf35Cc1329ebB4F63202F3f197b3F050B
0x9d0ce54bd32a70122b087b71f2467a5246410ef760a6e7ea1904c8ed17824920,0x7E3a6e22cac4eECeceCc7D9086d7c0fE1195Ec16,,1.43294,1.3875,1X2,,Bundesliga,SK Rapid Wien vs Grazer AK,SK Rapid Wien,Grazer AK,0xdbdb28c6eda6dd3731d4bd1492768856d41868a3733615b06652a75fb151c3ea,L19729742,0,0,SUCCESS,1,1786896328,1786899600,3.69791,SXR,0x6629Ce1Cf35Cc1329ebB4F63202F3f197b3F050B
0xbd01de6693bea978c8cb064a9f2600e40efde2878028abadb925f575505cb3fe,0x3b2B3900de9f93d1a397Efd858D1035643D15F96,,51.05615,1.8462,1X2,,Bundesliga,SK Rapid Wien vs Grazer AK,SK Rapid Wien,Grazer AK,0xb3640d3b859ee1a658dfdbd2644b82028763b4ee685341873962554c8857d8c5,L19729742,0,0,SUCCESS,1,1786896326,1786899600,60.33223,SXR,0x6629Ce1Cf35Cc1329ebB4F63202F3f197b3F050B
0x0ba9289976cfd35b4a7dd8351b3c00d27bf2b2d6dd0055ec113822cd95fe3a5c,0x3b2B3900de9f93d1a397Efd858D1035643D15F96,1,9.2007,1.1525,1X2,Grazer AK,Bundesliga,SK Rapid Wien vs Grazer AK,SK Rapid Wien,Grazer AK,0xb3640d3b859ee1a658dfdbd2644b82028763b4ee685341873962554c8857d8c5,L19729742,0,0,SUCCESS,1,1786896326,1786899600,60.332459,SXR,0x6629Ce1Cf35Cc1329ebB4F63202F3f197b3F050B
0xd0a2e86694f0dd0ad94b8e9fb1cb5b7de5582aee62bd15bcabf59dcb6b9cc1f0,0xFD3a22179CA4104E97c670b834750Bd7Ff310b17,,431.20998,1.8462,1X2,,Bundesliga,SK Rapid Wien vs Grazer AK,SK Rapid Wien,Grazer AK,0xb3640d3b859ee1a658dfdbd2644b82028763b4ee685341873962554c8857d8c5,L19729742,0,0,SUCCESS,1,1786896311,1786899600,509.553891,SXR,0x6629Ce1Cf35Cc1329ebB4F63202F3f197b3F050B
0xd1b89766dc1ba38c6f24ffecc6c01628ec20b6959e962b141215b3631f54ca01,0x29c4c7668B1f9E7B037b36080Ea8682510C66b0e,,481.59996,1.845,1X2,,Bundesliga,SK Rapid Wien vs Grazer AK,SK Rapid Wien,Grazer AK,0xb3640d3b859ee1a658dfdbd2644b82028763b4ee685341873962554c8857d8c5,L19729742,0,0,SUCCESS,1,1786896308,1786899600,569.940781,SXR,0x6629Ce1Cf35Cc1329ebB4F63202F3f197b3F050B
0xa6325551a415e33cb3913476b6bb5c8996f5d849e5620de72b1f74ea09aca2ad,0xF544c218C0Ba0BAfD9Dd049E469097AE58B235c2,,153.53845,1.85,1X2,,Bundesliga,SK Rapid Wien vs Grazer AK,SK Rapid Wien,Grazer AK,0xb3640d3b859ee1a658dfdbd2644b82028763b4ee685341873962554c8857d8c5,L19729742,0,0,SUCCESS,1,1786896308,1786899600,180.633471,SXR,0x6629Ce1Cf35Cc1329ebB4F63202F3f197b3F050B
0xf40c6c871131404b9ecfadfda8327d2b48fde012f72983f5e9f085257851e429,0xF544c218C0Ba0BAfD9Dd049E469097AE58B235c2,1,27.02822,1.1487,1X2,Grazer AK,Bundesliga,SK Rapid Wien vs Grazer AK,SK Rapid Wien,Grazer AK,0xb3640d3b859ee1a658dfdbd2644b82028763b4ee685341873962554c8857d8c5,L19729742,0,0,SUCCESS,1,1786896307,1786899600,181.702319,SXR,0x6629Ce1Cf35Cc1329ebB4F63202F3f197b3F050B
0x8d46672436d5f22c5e4ccf2802c989f99fa77614dfc38205a65ca0ad0e119295,0x68E1818FF20BBe84F9be9E0A4A395FB11079Bd35,,205.23,1.3887,1X2,,Bundesliga,SK Rapid Wien vs Grazer AK,SK Rapid Wien,Grazer AK,0xdbdb28c6eda6dd3731d4bd1492768856d41868a3733615b06652a75fb151c3ea,L19729742,0,0,SUCCESS,1,1786896307,1786899600,527.92283,SXR,0x6629Ce1Cf35Cc1329ebB4F63202F3f197b3F050B
0x113d30a8d1469500028da283b49c55edb6ae2b5883ae9be3071f90f0ec8d53f2,0x97EC1C9682F70091efB04e97b0B34698cF815EE1,,565.39,1.685,1X2,,Bundesliga,TSV Hartberg vs FK Austria Wien,TSV Hartberg,FK Austria Wien,0xc0e470a6f985b40857b98d0bf1e72c7493f5d62156b7494110164d161a3d2123,L19729521,0,0,SUCCESS,1,1786891563,1786892400,825.386861,SXR,0x6629Ce1Cf35Cc1329ebB4F63202F3f197b3F050B
0xeea70b07ee48d7ef22274a907f302b042d51803c6b21c3431eea9a554bea3e2f,0x97EC1C9682F70091efB04e97b0B34698cF815EE1,1,114.4,1.3938,1X2,FK Austria Wien,Bundesliga,TSV Hartberg vs FK Austria Wien,TSV Hartberg,FK Austria Wien,0x7a313dea68fce5b0456ab72c92139c7dad3d9c8bfeb765e94e9ac755635e4569,L19729521,0,0,SUCCESS,1,1786891530,1786892400,290.539683,SXR,0x6629Ce1Cf35Cc1329ebB4F63202F3f197b3F050B
0x6db3029719acb9f72c7cdbb3bdb1f44ed0e35144f0ca94f6c74c1389b4cc50e6,0x97EC1C9682F70091efB04e97b0B34698cF815EE1,1,224.99,1.295,1X2,Tie,Bundesliga,TSV Hartberg vs FK Austria Wien,TSV Hartberg,FK Austria Wien,0xd934db9b173b88dabd02fc2d6994ceb46c47f84c0655b9d60e56d11d70f19027,L19729521,0,0,SUCCESS,1,1786891362,1786892400,762.677966,SXR,0x6629Ce1Cf35Cc1329ebB4F63202F3f197b3F050B
0xa3c0769104e55222d9c28ee9aef39b234d57f4e7bcadf6b9bf3b6bee6cd8f48a,0xFD3a22179CA4104E97c670b834750Bd7Ff310b17,,233.90994,1.88,1X2,,Bundesliga,WSG Tirol vs FC Red Bull Salzburg,WSG Tirol,FC Red Bull Salzburg,0x76ea0099aaba549cd5594c5198b1af0f10b873faa8b30b7509dbcd6b16f059c3,L19729744,0,0,SUCCESS,1,1786891230,1786892400,265.80675,SXR,0x6629Ce1Cf35Cc1329ebB4F63202F3f197b3F050B
0x1c8b88956852b2c72e5f52c0e8a48e639896f83a574f3f391aaa54d38769080b,0xFD3a22179CA4104E97c670b834750Bd7Ff310b17,,5.03,1.625,1X2,,Bundesliga,TSV Hartberg vs FK Austria Wien,TSV Hartberg,FK Austria Wien,0x7a313dea68fce5b0456ab72c92139c7dad3d9c8bfeb765e94e9ac755635e4569,L19729521,0,0,SUCCESS,1,1786891154,1786892400,8.048,SXR,0x6629Ce1Cf35Cc1329ebB4F63202F3f197b3F050B
0xd05b43f566ec0ea8770277860c72a35b2624302e88613e5b79374b6675ca22f6,0xFD3a22179CA4104E97c670b834750Bd7Ff310b17,,454.05,1.625,1X2,,Bundesliga,TSV Hartberg vs FK Austria Wien,TSV Hartberg,FK Austria Wien,0x7a313dea68fce5b0456ab72c92139c7dad3d9c8bfeb765e94e9ac755635e4569,L19729521,0,0,SUCCESS,1,1786890979,1786892400,726.48,SXR,0x6629Ce1Cf35Cc1329ebB4F63202F3f197b3F050B
0x55c216fb57d48f41b21f1ced4f45b1dc622f472efc539180a46cbb5064a31ee8,0xFD3a22179CA4104E97c670b834750Bd7Ff310b17,,40.5,1.625,1X2,,Bundesliga,TSV Hartberg vs FK Austria Wien,TSV Hartberg,FK Austria Wien,0x7a313dea68fce5b0456ab72c92139c7dad3d9c8bfeb765e94e9ac755635e4569,L19729521,0,0,SUCCESS,1,1786890960,1786892400,64.8,SXR,0x6629Ce1Cf35Cc1329ebB4F63202F3f197b3F050B
0x436f9877e2569896697e306259fff5ac7882ca7ceb7a1110c243d2929fad6260,0xFD3a22179CA4104E97c670b834750Bd7Ff310b17,,130.53998,1.6687,1X2,,Bundesliga,TSV Hartberg vs FK Austria Wien,TSV Hartberg,FK Austria Wien,0xc0e470a6f985b40857b98d0bf1e72c7493f5d62156b7494110164d161a3d2123,L19729521,0,0,SUCCESS,1,1786890613,1786892400,195.19997,SXR,0x6629Ce1Cf35Cc1329ebB4F63202F3f197b3F050B
0xb561da5a8a6ba15890a8cead5fee5d8cc573a1aeef03b668b8ec2360d6ae1d3a,0x97EC1C9682F70091efB04e97b0B34698cF815EE1,,77.51,1.3188,1X2,,Bundesliga,WSG Tirol vs FC Red Bull Salzburg,WSG Tirol,FC Red Bull Salzburg,0x64c7579a28126920f5e3886605cd35d6c5bbd05aa023bac7e184c6d16eb62ffd,L19729744,0,0,SUCCESS,1,1786890592,1786892400,243.168627,SXR,0x6629Ce1Cf35Cc1329ebB4F63202F3f197b3F050B
0x053ce65dec3d2e8abadcca632968056546d1eff5e09460dc2958598fabe0e9b3,0x86aaA5Ea1D96e252c2C62869556dF1346F9a9264,,3.81998,1.6687,1X2,,Bundesliga,TSV Hartberg vs FK Austria Wien,TSV Hartberg,FK Austria Wien,0xc0e470a6f985b40857b98d0bf1e72c7493f5d62156b7494110164d161a3d2123,L19729521,0,0,SUCCESS,1,1786889737,1786892400,5.71212,SXR,0x6629Ce1Cf35Cc1329ebB4F63202F3f197b3F050B
0xf4392a5a3d7dcc1a54a824d283142fc7088c36148fd6daa52754f9f90729484e,0x86aaA5Ea1D96e252c2C62869556dF1346F9a9264,,7.65,1.6687,1X2,,Bundesliga,TSV Hartberg vs FK Austria Wien,TSV Hartberg,FK Austria Wien,0xc0e470a6f985b40857b98d0bf1e72c7493f5d62156b7494110164d161a3d2123,L19729521,0,0,SUCCESS,1,1786889724,1786892400,11.439252,SXR,0x6629Ce1Cf35Cc1329ebB4F63202F3f197b3F050B
0x0f82346fc464d838718989e23f864baa97025724cbe25357f07ff7b267af9e25,0x3b2B3900de9f93d1a397Efd858D1035643D15F96,,1322.39406,1.8725,1X2,,Bundesliga,WSG Tirol vs FC Red Bull Salzburg,WSG Tirol,FC Red Bull Salzburg,0x76ea0099aaba549cd5594c5198b1af0f10b873faa8b30b7509dbcd6b16f059c3,L19729744,0,0,SUCCESS,1,1786889627,1786892400,1515.637891,SXR,0x6629Ce1Cf35Cc1329ebB4F63202F3f197b3F050B
0xa5a71334945ac9a7eb0acd457a297aa9c9b44740c6631110469b320666e63292,0x740d5718a79A8559fEeE8B00922F8Cd773A81D84,,215.75994,1.8712,1X2,,Bundesliga,WSG Tirol vs FC Red Bull Salzburg,WSG Tirol,FC Red Bull Salzburg,0x76ea0099aaba549cd5594c5198b1af0f10b873faa8b30b7509dbcd6b16f059c3,L19729744,0,0,SUCCESS,1,1786889626,1786892400,247.644121,SXR,0x6629Ce1Cf35Cc1329ebB4F63202F3f197b3F050B
0xb2b9d2627bda762dad0c09233f03dd0d363488887548f00bc5b916f9dd160ab6,0x9B0B1AFA7bDED657DA5de911b1772ABe95e83290,,24.42,1.4912,Asian Handicap (1.5),,Bundesliga,WSG Tirol vs FC Red Bull Salzburg,WSG Tirol,FC Red Bull Salzburg,0x2eea38608fb77e62451ea105f97839611e88576d37749e99a8cb671b29eef206,L19729744,0,0,SUCCESS,1,1786889039,1786892400,49.709924,SXR,0x6629Ce1Cf35Cc1329ebB4F63202F3f197b3F050B
0x6c5a802e02caa584c47cdec162ef88ac8e503d083cd7dd58dbe992ef708238ba,0xFD3a22179CA4104E97c670b834750Bd7Ff310b17,,208.96639,1.405,1X2,,Bundesliga,SK Rapid Wien vs Grazer AK,SK Rapid Wien,Grazer AK,0xdbdb28c6eda6dd3731d4bd1492768856d41868a3733615b06652a75fb151c3ea,L19729742,0,0,SUCCESS,1,1786888992,1786899600,515.966395,SXR,0x6629Ce1Cf35Cc1329ebB4F63202F3f197b3F050B
0x812fa3d4e263ebdb16994a6b2737919b3df2a23ada0e5a867604cbca04e1ea98,0x161ba9aad05022c88726A1D1244fDF624e51BFD5,1,2.5,1.5962,1X2,SK Rapid Wien,Bundesliga,SK Rapid Wien vs Grazer AK,SK Rapid Wien,Grazer AK,0xdbdb28c6eda6dd3731d4bd1492768856d41868a3733615b06652a75fb151c3ea,L19729742,0,0,SUCCESS,1,1786888022,1786899600,4.192872,SXR,0x6629Ce1Cf35Cc1329ebB4F63202F3f197b3F050B
0x00cc1ede6077ec76316a51d8963b5407eb467c5c0c211b5752bec8b449981c8f,0xFD3a22179CA4104E97c670b834750Bd7Ff310b17,1,2.12,1.295,1X2,Tie,Bundesliga,TSV Hartberg vs FK Austria Wien,TSV Hartberg,FK Austria Wien,0xd934db9b173b88dabd02fc2d6994ceb46c47f84c0655b9d60e56d11d70f19027,L19729521,0,0,SUCCESS,1,1786887670,1786892400,7.186441,SXR,0x6629Ce1Cf35Cc1329ebB4F63202F3f197b3F050B
0xe704a4356af06d75246cd4617d655ea10fbf4620e809fa4e2d8dbcf524f89ae7,0xFD3a22179CA4104E97c670b834750Bd7Ff310b17,,10.66,1.51,Asian Handicap (1.5),,Bundesliga,WSG Tirol vs FC Red Bull Salzburg,WSG Tirol,FC Red Bull Salzburg,0x2eea38608fb77e62451ea105f97839611e88576d37749e99a8cb671b29eef206,L19729744,0,0,SUCCESS,1,1786887365,1786892400,20.901961,SXR,0x6629Ce1Cf35Cc1329ebB4F63202F3f197b3F050B
0x3042c7a60b1ec4ef2d88e5ecc7a771ba0a2dd47f415b018e857ba99cab944459,0x97EC1C9682F70091efB04e97b0B34698cF815EE1,1,17.16,1.295,1X2,Tie,Bundesliga,TSV Hartberg vs FK Austria Wien,TSV Hartberg,FK Austria Wien,0xd934db9b173b88dabd02fc2d6994ceb46c47f84c0655b9d60e56d11d70f19027,L19729521,0,0,SUCCESS,1,1786886556,1786892400,58.169492,SXR,0x6629Ce1Cf35Cc1329ebB4F63202F3f197b3F050B
0xda8cf2ddfe903270bba7449c2f7bf9acbc33b05eac7a7431fb09e9ee64853f08,0xFD3a22179CA4104E97c670b834750Bd7Ff310b17,,229.82999,1.62,1X2,,Bundesliga,TSV Hartberg vs FK Austria Wien,TSV Hartberg,FK Austria Wien,0x7a313dea68fce5b0456ab72c92139c7dad3d9c8bfeb765e94e9ac755635e4569,L19729521,0,0,SUCCESS,1,1786882671,1786892400,370.693532,SXR,0x6629Ce1Cf35Cc1329ebB4F63202F3f197b3F050B
0x81f5b415be2d9f364b502493091c0350e0da5326ca647b3480b14b2bb1c334fb,0x7E3a6e22cac4eECeceCc7D9086d7c0fE1195Ec16,,1.00422,1.42,1X2,,Bundesliga,SK Rapid Wien vs Grazer AK,SK Rapid Wien,Grazer AK,0xdbdb28c6eda6dd3731d4bd1492768856d41868a3733615b06652a75fb151c3ea,L19729742,0,0,SUCCESS,1,1786878747,1786899600,2.391,SXR,0x6629Ce1Cf35Cc1329ebB4F63202F3f197b3F050B
0xf3bc0100004de3bde89c6fd3055ba5bd9878df9155f316db14ec34daf9886062,0xFD3a22179CA4104E97c670b834750Bd7Ff310b17,,56.56997,1.83,1X2,,Bundesliga,SK Rapid Wien vs Grazer AK,SK Rapid Wien,Grazer AK,0xb3640d3b859ee1a658dfdbd2644b82028763b4ee685341873962554c8857d8c5,L19729742,0,0,SUCCESS,1,1786877644,1786899600,68.15659,SXR,0x6629Ce1Cf35Cc1329ebB4F63202F3f197b3F050B
0xef05d2408f42aecc4b2a6cf4b72c3ef0cd01f9213fe2a25ca0dfa829110934ff,0xFD3a22179CA4104E97c670b834750Bd7Ff310b17,,57.83997,1.83,1X2,,Bundesliga,SK Rapid Wien vs Grazer AK,SK Rapid Wien,Grazer AK,0xb3640d3b859ee1a658dfdbd2644b82028763b4ee685341873962554c8857d8c5,L19729742,0,0,SUCCESS,1,1786877501,1786899600,69.686711,SXR,0x6629Ce1Cf35Cc1329ebB4F63202F3f197b3F050B
0x9ff5d2cde067c6ad242419d3d9bdbaf418ce158b1f50ec823b76bb08b5b0f34f,0x9E555D159D333EAE7346aE58D3d57dDE9680a9F7,,1.4,1.5012,Asian Handicap (1.5),,Bundesliga,WSG Tirol vs FC Red Bull Salzburg,WSG Tirol,FC Red Bull Salzburg,0x2eea38608fb77e62451ea105f97839611e88576d37749e99a8cb671b29eef206,L19729744,0,0,SUCCESS,1,1786876123,1786892400,2.793017,SXR,0x6629Ce1Cf35Cc1329ebB4F63202F3f197b3F050B
0x45639b4a3510d9a1f0dc1a3c57bd5c2c43f6011c9a4874e4291a0f1361f866fc,0x9E555D159D333EAE7346aE58D3d57dDE9680a9F7,,591.4,1.5012,Asian Handicap (1.5),,Bundesliga,WSG Tirol vs FC Red Bull Salzburg,WSG Tirol,FC Red Bull Salzburg,0x2eea38608fb77e62451ea105f97839611e88576d37749e99a8cb671b29eef206,L19729744,0,0,SUCCESS,1,1786876048,1786892400,1179.850374,SXR,0x6629Ce1Cf35Cc1329ebB4F63202F3f197b3F050B
0xfe72d608227d2615a1b90aefefca2cbbb3e0ff5a0061bb2df632410a9f0f9530,0xFD3a22179CA4104E97c670b834750Bd7Ff310b17,,45.14,1.825,1X2,,Bundesliga,SK Rapid Wien vs Grazer AK,SK Rapid Wien,Grazer AK,0xb3640d3b859ee1a658dfdbd2644b82028763b4ee685341873962554c8857d8c5,L19729742,0,0,SUCCESS,1,1786872056,1786899600,54.715152,SXR,0x6629Ce1Cf35Cc1329ebB4F63202F3f197b3F050B
0xb84c412ef91494a7066f12271852db25d63c75af7c1e9b26e57ed1c4991acec5,0x97EC1C9682F70091efB04e97b0B34698cF815EE1,,39.98,1.4238,1X2,,Bundesliga,SK Rapid Wien vs Grazer AK,SK Rapid Wien,Grazer AK,0xdbdb28c6eda6dd3731d4bd1492768856d41868a3733615b06652a75fb151c3ea,L19729742,0,0,SUCCESS,1,1786870513,1786899600,94.348083,SXR,0x6629Ce1Cf35Cc1329ebB4F63202F3f197b3F050B
0x2f524160a862509b29112385fcf72a4688928c84e4aaf6160e6762e112dafd6d,0x9E555D159D333EAE7346aE58D3d57dDE9680a9F7,,900.5,1.5012,Asian Handicap (1.5),,Bundesliga,WSG Tirol vs FC Red Bull Salzburg,WSG Tirol,FC Red Bull Salzburg,0x2eea38608fb77e62451ea105f97839611e88576d37749e99a8cb671b29eef206,L19729744,0,0,SUCCESS,1,1786870469,1786892400,1796.508728,SXR,0x6629Ce1Cf35Cc1329ebB4F63202F3f197b3F050B
0x43b6ea29196f2fdd23ccb2434b2a5c2303cbddc27e7b9ab1393a2c1d934e15db,0xFD3a22179CA4104E97c670b834750Bd7Ff310b17,,130.29,1.42,1X2,,Bundesliga,SK Rapid Wien vs Grazer AK,SK Rapid Wien,Grazer AK,0xdbdb28c6eda6dd3731d4bd1492768856d41868a3733615b06652a75fb151c3ea,L19729742,0,0,SUCCESS,1,1786870403,1786899600,310.214286,SXR,0x6629Ce1Cf35Cc1329ebB4F63202F3f197b3F050B
0x3e487ada34f8a35d4e11d554823d4747f6bacd7acbc906a4760553dcccc48e20,0xFD3a22179CA4104E97c670b834750Bd7Ff310b17,1,37.62,1.245,1X2,Tie,Bundesliga,SK Rapid Wien vs Grazer AK,SK Rapid Wien,Grazer AK,0xe871719b5fd77c56cc970200624c2bdc63c0892cbbb3c746da8dd2228878d10d,L19729742,0,0,SUCCESS,1,1786870403,1786899600,153.55102,SXR,0x6629Ce1Cf35Cc1329ebB4F63202F3f197b3F050B
0x5fdca699fdb043ee4eed8313b2eba1678a243ef8458326568b7e2b202efe6fb1,0xFD3a22179CA4104E97c670b834750Bd7Ff310b17,1,2.07,1.335,1X2,TSV Hartberg,Bundesliga,TSV Hartberg vs FK Austria Wien,TSV Hartberg,FK Austria Wien,0xc0e470a6f985b40857b98d0bf1e72c7493f5d62156b7494110164d161a3d2123,L19729521,0,0,SUCCESS,1,1786869580,1786892400,6.179104,SXR,0x6629Ce1Cf35Cc1329ebB4F63202F3f197b3F050B
0x7e0b4b4cd37a32b012ae08e8fafc2a2c8bc292701e823cf78c0980f92bc7a1c0,0xFD3a22179CA4104E97c670b834750Bd7Ff310b17,,2.08996,1.895,1X2,,Bundesliga,WSG Tirol vs FC Red Bull Salzburg,WSG Tirol,FC Red Bull Salzburg,0x76ea0099aaba549cd5594c5198b1af0f10b873faa8b30b7509dbcd6b16f059c3,L19729744,0,0,SUCCESS,1,1786868988,1786892400,2.335151,SXR,0x6629Ce1Cf35Cc1329ebB4F63202F3f197b3F050B
0x21823d634d9b05dcf49935cd5a225282d8f45e2f2bbb6cbd1e8fdfeb74e09dae,0xFD3a22179CA4104E97c670b834750Bd7Ff310b17,,6.64999,1.62,1X2,,Bundesliga,TSV Hartberg vs FK Austria Wien,TSV Hartberg,FK Austria Wien,0x7a313dea68fce5b0456ab72c92139c7dad3d9c8bfeb765e94e9ac755635e4569,L19729521,0,0,SUCCESS,1,1786868846,1786892400,10.72579,SXR,0x6629Ce1Cf35Cc1329ebB4F63202F3f197b3F050B
0x765333b5d50950a47c39ac8b8b82009e8a312c78991c1a5c77c6c4f06f399d84,0xFD3a22179CA4104E97c670b834750Bd7Ff310b17,1,11.07,1.335,1X2,TSV Hartberg,Bundesliga,TSV Hartberg vs FK Austria Wien,TSV Hartberg,FK Austria Wien,0xc0e470a6f985b40857b98d0bf1e72c7493f5d62156b7494110164d161a3d2123,L19729521,0,0,SUCCESS,1,1786867972,1786892400,33.044776,SXR,0x6629Ce1Cf35Cc1329ebB4F63202F3f197b3F050B
0x05d81bcc4dc3a80e0a909b3e7fca461f800353de941a393c27bdd25ac4a5fd4d,0xFD3a22179CA4104E97c670b834750Bd7Ff310b17,1,7.94,1.335,1X2,TSV Hartberg,Bundesliga,TSV Hartberg vs FK Austria Wien,TSV Hartberg,FK Austria Wien,0xc0e470a6f985b40857b98d0bf1e72c7493f5d62156b7494110164d161a3d2123,L19729521,0,0,SUCCESS,1,1786867801,1786892400,23.701493,SXR,0x6629Ce1Cf35Cc1329ebB4F63202F3f197b3F050B
0x74c478c25c884e128702e32231056f1f8df3fecc5378ed83072476df5090e33f,0xFD3a22179CA4104E97c670b834750Bd7Ff310b17,,12.65998,1.8188,1X2,,Bundesliga,SK Rapid Wien vs Grazer AK,SK Rapid Wien,Grazer AK,0xb3640d3b859ee1a658dfdbd2644b82028763b4ee685341873962554c8857d8c5,L19729742,0,0,SUCCESS,1,1786866135,1786899600,15.462571,SXR,0x6629Ce1Cf35Cc1329ebB4F63202F3f197b3F050B
0xd92875c7cde785279801c4010a511eb03a3411ac6a04b8a5c60708f8bfdfde3a,0x740d5718a79A8559fEeE8B00922F8Cd773A81D84,,2.2,1.4375,1X2,,Bundesliga,SK Rapid Wien vs Grazer AK,SK Rapid Wien,Grazer AK,0xdbdb28c6eda6dd3731d4bd1492768856d41868a3733615b06652a75fb151c3ea,L19729742,0,0,SUCCESS,1,1786865292,1786899600,5.028571,SXR,0x6629Ce1Cf35Cc1329ebB4F63202F3f197b3F050B
0xb3ba12049a809b51522b33ed465df69f8887adf26be7e2a64fe1d112796b79e1,0x97EC1C9682F70091efB04e97b0B34698cF815EE1,1,15,1.1875,1X2,Grazer AK,Bundesliga,SK Rapid Wien vs Grazer AK,SK Rapid Wien,Grazer AK,0xb3640d3b859ee1a658dfdbd2644b82028763b4ee685341873962554c8857d8c5,L19729742,0,0,SUCCESS,1,1786864292,1786899600,80.0,SXR,0x6629Ce1Cf35Cc1329ebB4F63202F3f197b3F050B
0x797638d4b1a279644b7c09a6f87d4f0bc84ed28a77802f60772f9cb336839a69,0xFD3a22179CA4104E97c670b834750Bd7Ff310b17,,11.205,1.5425,Asian Handicap (1.5),,Bundesliga,WSG Tirol vs FC Red Bull Salzburg,WSG Tirol,FC Red Bull Salzburg,0x2eea38608fb77e62451ea105f97839611e88576d37749e99a8cb671b29eef206,L19729744,0,0,SUCCESS,1,1786863668,1786892400,20.654378,SXR,0x6629Ce1Cf35Cc1329ebB4F63202F3f197b3F050B
0x1de2155e1c3ba327729349e4b0db5dcab8d6a26fc4885bf5cb6fc10388a34aac,0xFD3a22179CA4104E97c670b834750Bd7Ff310b17,,11.205,1.5425,Asian Handicap (1),,Bundesliga,WSG Tirol vs FC Red Bull Salzburg,WSG Tirol,FC Red Bull Salzburg,0xee8918d2ad615b94e1d2bcf86994ce8f2007035e382ee8df2bc33f88b8b43aed,L19729744,0,0,SUCCESS,1,1786863668,1786892400,20.654378,SXR,0x6629Ce1Cf35Cc1329ebB4F63202F3f197b3F050B
0x2dc2577fbc6c36da9ae0856cda789563826413926f37251d7767d2a38dbd5858,0xFD3a22179CA4104E97c670b834750Bd7Ff310b17,,17.09998,1.815,1X2,,Bundesliga,SK Rapid Wien vs Grazer AK,SK Rapid Wien,Grazer AK,0xb3640d3b859ee1a658dfdbd2644b82028763b4ee685341873962554c8857d8c5,L19729742,0,0,SUCCESS,1,1786863582,1786899600,20.981571,SXR,0x6629Ce1Cf35Cc1329ebB4F63202F3f197b3F050B
0x94bb64403aea1a46e1c92c43c5ea64f6d045a22d6cca4a76d6dbda1041590ccd,0xa141274f45d09C2533035cd3c6ab42F3470dF7A8,,150,1.5413,Asian Handicap (1.5),,Bundesliga,WSG Tirol vs FC Red Bull Salzburg,WSG Tirol,FC Red Bull Salzburg,0x2eea38608fb77e62451ea105f97839611e88576d37749e99a8cb671b29eef206,L19729744,0,0,SUCCESS,1,1786863174,1786892400,277.136259,SXR,0x6629Ce1Cf35Cc1329ebB4F63202F3f197b3F050B
0x7d29c2a70e1afa1d242ea36ab878a09fce26d4265e6db4179f7fd0d7b1b01cd1,0xa141274f45d09C2533035cd3c6ab42F3470dF7A8,,150,1.5413,Asian Handicap (1),,Bundesliga,WSG Tirol vs FC Red Bull Salzburg,WSG Tirol,FC Red Bull Salzburg,0xee8918d2ad615b94e1d2bcf86994ce8f2007035e382ee8df2bc33f88b8b43aed,L19729744,0,0,SUCCESS,1,1786863174,1786892400,277.136259,SXR,0x6629Ce1Cf35Cc1329ebB4F63202F3f197b3F050B
0x59652a1114ce6ef4a12345232c064354f2986f15df55eab4edbc771d3de0b6c8,0xFD3a22179CA4104E97c670b834750Bd7Ff310b17,,53.92996,1.815,1X2,,Bundesliga,SK Rapid Wien vs Grazer AK,SK Rapid Wien,Grazer AK,0xb3640d3b859ee1a658dfdbd2644b82028763b4ee685341873962554c8857d8c5,L19729742,0,0,SUCCESS,1,1786863030,1786899600,66.17173,SXR,0x6629Ce1Cf35Cc1329ebB4F63202F3f197b3F050B
0x7b26930107bf7e572e91b471ded8e2a18bb1517e1c1adee69605f6b67a41b21f,0xFD3a22179CA4104E97c670b834750Bd7Ff310b17,,47.2,1.815,1X2,,Bundesliga,SK Rapid Wien vs Grazer AK,SK Rapid Wien,Grazer AK,0xb3640d3b859ee1a658dfdbd2644b82028763b4ee685341873962554c8857d8c5,L19729742,0,0,SUCCESS,1,1786858705,1786899600,57.91411,SXR,0x6629Ce1Cf35Cc1329ebB4F63202F3f197b3F050B
0x5ef17795326a825ccefc3f4a03d6349b0a520f97716ef3207ae723b3c40fe45b,0xFD3a22179CA4104E97c670b834750Bd7Ff310b17,1,24.48,1.125,1X2,WSG Tirol,Bundesliga,WSG Tirol vs FC Red Bull Salzburg,WSG Tirol,FC Red Bull Salzburg,0x76ea0099aaba549cd5594c5198b1af0f10b873faa8b30b7509dbcd6b16f059c3,L19729744,0,0,SUCCESS,1,1786858045,1786892400,195.84,SXR,0x6629Ce1Cf35Cc1329ebB4F63202F3f197b3F050B
0x5f7edc52d345896639c8bafe92271f8bd6bd089dd2b612cdf81ca27634ca81df,0xFD3a22179CA4104E97c670b834750Bd7Ff310b17,1,9.25,1.1287,1X2,WSG Tirol,Bundesliga,WSG Tirol vs FC Red Bull Salzburg,WSG Tirol,FC Red Bull Salzburg,0x76ea0099aaba549cd5594c5198b1af0f10b873faa8b30b7509dbcd6b16f059c3,L19729744,0,0,SUCCESS,1,1786857999,1786892400,71.84466,SXR,0x6629Ce1Cf35Cc1329ebB4F63202F3f197b3F050B
0xbaad7f661458d0769d5227ab571043bd64c85ff37f72c93fe19ec0c11a9e9c30,0xFD3a22179CA4104E97c670b834750Bd7Ff310b17,,37.7,1.5012,Asian Handicap (1),,Bundesliga,WSG Tirol vs FC Red Bull Salzburg,WSG Tirol,FC Red Bull Salzburg,0xee8918d2ad615b94e1d2bcf86994ce8f2007035e382ee8df2bc33f88b8b43aed,L19729744,0,0,SUCCESS,1,1786857876,1786892400,75.21197,SXR,0x6629Ce1Cf35Cc1329ebB4F63202F3f197b3F050B
0x31e5890e230df1a4bf557e37f35bd8198ca66587d7ecb11e4e384c7826f3285f,0xFD3a22179CA4104E97c670b834750Bd7Ff310b17,,37.7,1.5012,Asian Handicap (1.5),,Bundesliga,WSG Tirol vs FC Red Bull Salzburg,WSG Tirol,FC Red Bull Salzburg,0x2eea38608fb77e62451ea105f97839611e88576d37749e99a8cb671b29eef206,L19729744,0,0,SUCCESS,1,1786857876,1786892400,75.21197,SXR,0x6629Ce1Cf35Cc1329ebB4F63202F3f197b3F050B
0x89e7b81b59a1ec8a8341fd3184cc580959059aec3e2949e93ac58092865c2023,0x740d5718a79A8559fEeE8B00922F8Cd773A81D84,,50,1.62,1X2,,Bundesliga,TSV Hartberg vs FK Austria Wien,TSV Hartberg,FK Austria Wien,0x7a313dea68fce5b0456ab72c92139c7dad3d9c8bfeb765e94e9ac755635e4569,L19729521,0,0,SUCCESS,1,1786855348,1786892400,80.645161,SXR,0x6629Ce1Cf35Cc1329ebB4F63202F3f197b3F050B
0x65215b0f9cfd7578b2dec42dbd0c2f2da3cc5297c7a349e2cfb13e3fec5efe10,0xFD3a22179CA4104E97c670b834750Bd7Ff310b17,,1.33999,1.5525,Asian Handicap (-1),,Bundesliga,SK Puntigamer Sturm Graz vs SCR Altach,SK Puntigamer Sturm Graz,SCR Altach,0x5aa821b44042abcbe7ef9cc770872965f5d8f3cad2bcddf82f2f1b1f22d6b87b,L19729749,0,0,SUCCESS,1,1786795497,1786815000,2.425321,SXR,0x6629Ce1Cf35Cc1329ebB4F63202F3f197b3F050B
0xce2efdc8f513366d77ab30f5cdd223138aeb77cd0164c87d014f04bec3edf71b,0xFD3a22179CA4104E97c670b834750Bd7Ff310b17,1,9.87,1.175,1X2,SCR Altach,Bundesliga,SK Puntigamer Sturm Graz vs SCR Altach,SK Puntigamer Sturm Graz,SCR Altach,0x67081e39b5bdafac1f6e73bfb5b6ad7f5270717f800f67f430d126b0012152be,L19729749,0,0,SUCCESS,1,1786793761,1786815000,56.4,SXR,0x6629Ce1Cf35Cc1329ebB4F63202F3f197b3F050B
0x406d81bdebc96ce2163f0a7de8ce8db9a3adfa0d13007da98f4bc40daba28c16,0xFD3a22179CA4104E97c670b834750Bd7Ff310b17,,12.31,1.415,1X2,,Bundesliga,SK Puntigamer Sturm Graz vs SCR Altach,SK Puntigamer Sturm Graz,SCR Altach,0xdc757481a8a8ac864d99e3b4e23fba9406b88654e49f3b581336a135e69318d0,L19729749,0,0,SUCCESS,1,1786793038,1786815000,29.662651,SXR,0x6629Ce1Cf35Cc1329ebB4F63202F3f197b3F050B
0x1b0e20a2feb7f1c97a034929367634fa2ef7dccaa82934256aacc9fb4796a484,0xFD3a22179CA4104E97c670b834750Bd7Ff310b17,,13.68844,1.5562,Asian Handicap (-1),,Bundesliga,SK Puntigamer Sturm Graz vs SCR Altach,SK Puntigamer Sturm Graz,SCR Altach,0x5aa821b44042abcbe7ef9cc770872965f5d8f3cad2bcddf82f2f1b1f22d6b87b,L19729749,0,0,SUCCESS,1,1786793038,1786815000,24.608431,SXR,0x6629Ce1Cf35Cc1329ebB4F63202F3f197b3F050B
0xb431fe28843c77f1e88e6947cd1f27cbc5c43b162133fb4291042fe066b8a355,0xFD3a22179CA4104E97c670b834750Bd7Ff310b17,1,6.61999,1.54,Under/Over (2.5),Over 2.5,Bundesliga,SK Puntigamer Sturm Graz vs SCR Altach,SK Puntigamer Sturm Graz,SCR Altach,0x6aaf5db6a1d0314e9e290edb167c8edc781182e2533868e6b8f8b42156d26bbf,L19729749,0,0,SUCCESS,1,1786792979,1786815000,12.259241,SXR,0x6629Ce1Cf35Cc1329ebB4F63202F3f197b3F050B
0x5c5694523226185142ffe23dbc305ae30a85fd1e6d9f32c2eb8b86707b2385a1,0xFD3a22179CA4104E97c670b834750Bd7Ff310b17,1,6.61,1.54,Under/Over (2.5),Over 2.5,Bundesliga,SK Puntigamer Sturm Graz vs SCR Altach,SK Puntigamer Sturm Graz,SCR Altach,0x6aaf5db6a1d0314e9e290edb167c8edc781182e2533868e6b8f8b42156d26bbf,L19729749,0,0,SUCCESS,1,1786792948,1786815000,12.240741,SXR,0x6629Ce1Cf35Cc1329ebB4F63202F3f197b3F050B
0xe7ea6bec5032103644784b93ddc39d72a547e6d86595a168aab2a1693dd717fd,0xFD3a22179CA4104E97c670b834750Bd7Ff310b17,1,12.97,1.5275,Under/Over (2.5),Over 2.5,Bundesliga,SK Puntigamer Sturm Graz vs SCR Altach,SK Puntigamer Sturm Graz,SCR Altach,0x6aaf5db6a1d0314e9e290edb167c8edc781182e2533868e6b8f8b42156d26bbf,L19729749,0,0,SUCCESS,1,1786792921,1786815000,24.587678,SXR,0x6629Ce1Cf35Cc1329ebB4F63202F3f197b3F050B
0xaa275b4eca0d379fd10466aee405a9542631db9b3d40b2c7dd1a0af91fdfe0d2,0xFD3a22179CA4104E97c670b834750Bd7Ff310b17,1,12.80999,1.5212,Under/Over (2.5),Over 2.5,Bundesliga,SK Puntigamer Sturm Graz vs SCR Altach,SK Puntigamer Sturm Graz,SCR Altach,0x6aaf5db6a1d0314e9e290edb167c8edc781182e2533868e6b8f8b42156d26bbf,L19729749,0,0,SUCCESS,1,1786792918,1786815000,24.57552,SXR,0x6629Ce1Cf35Cc1329ebB4F63202F3f197b3F050B
0x8f894e79d36f8f911cd4d3a8e818e17d973c0473b68c0a0d4cfd6c470f571a1d,0xFD3a22179CA4104E97c670b834750Bd7Ff310b17,,10,1.42,1X2,,Bundesliga,SK Puntigamer Sturm Graz vs SCR Altach,SK Puntigamer Sturm Graz,SCR Altach,0xdc757481a8a8ac864d99e3b4e23fba9406b88654e49f3b581336a135e69318d0,L19729749,0,0,SUCCESS,1,1786788191,1786815000,23.809524,SXR,0x6629Ce1Cf35Cc1329ebB4F63202F3f197b3F050B
0x929bcf770047be144c6109f36995d3484455f4705399b2ba419216b42f701a36,0xFD3a22179CA4104E97c670b834750Bd7Ff310b17,,1,1.42,1X2,,Bundesliga,SK Puntigamer Sturm Graz vs SCR Altach,SK Puntigamer Sturm Graz,SCR Altach,0xdc757481a8a8ac864d99e3b4e23fba9406b88654e49f3b581336a135e69318d0,L19729749,0,0,SUCCESS,1,1786784805,1786815000,2.380952,SXR,0x6629Ce1Cf35Cc1329ebB4F63202F3f197b3F050B
0xb2b369362653f3892b793c5c80c318ce72777bda2be37728756ebe16efa2f99d,0xFD3a22179CA4104E97c670b834750Bd7Ff310b17,1,2.45,1.265,1X2,SC Austria Lustenau,Bundesliga,SC Austria Lustenau vs Wolfsberger AC,SC Austria Lustenau,Wolfsberger AC,0xfd00473152becb9b8f7e4c66bcd41612365f137909414870a08b84bfde56a5dc,L19733157,0,0,SUCCESS,1,1786784759,1786806000,9.245283,SXR,0x6629Ce1Cf35Cc1329ebB4F63202F3f197b3F050B
0xc52f719e5e3dedc2d577bad559c04d3f8f6263c498e25a87a9880102bcfe6e02,0xFD3a22179CA4104E97c670b834750Bd7Ff310b17,,3.06,1.42,1X2,,Bundesliga,SK Puntigamer Sturm Graz vs SCR Altach,SK Puntigamer Sturm Graz,SCR Altach,0xdc757481a8a8ac864d99e3b4e23fba9406b88654e49f3b581336a135e69318d0,L19729749,0,0,SUCCESS,1,1786784496,1786815000,7.285714,SXR,0x6629Ce1Cf35Cc1329ebB4F63202F3f197b3F050B
0xaf62b889127226622be94fcc8bb32ca013efd42926b037e3bcba28eeb6a8d147,0xFD3a22179CA4104E97c670b834750Bd7Ff310b17,,126.13,1.42,1X2,,Bundesliga,SK Puntigamer Sturm Graz vs SCR Altach,SK Puntigamer Sturm Graz,SCR Altach,0xdc757481a8a8ac864d99e3b4e23fba9406b88654e49f3b581336a135e69318d0,L19729749,0,0,SUCCESS,1,1786783823,1786815000,300.309524,SXR,0x6629Ce1Cf35Cc1329ebB4F63202F3f197b3F050B
0x48a35fa13ba04a35518208e175601d5a4540372bcb7c3884cd0e778e0caa7918,0xFD3a22179CA4104E97c670b834750Bd7Ff310b17,,24.9,1.42,1X2,,Bundesliga,SK Puntigamer Sturm Graz vs SCR Altach,SK Puntigamer Sturm Graz,SCR Altach,0xdc757481a8a8ac864d99e3b4e23fba9406b88654e49f3b581336a135e69318d0,L19729749,0,0,SUCCESS,1,1786783809,1786815000,59.285714,SXR,0x6629Ce1Cf35Cc1329ebB4F63202F3f197b3F050B
0x0fc48e6e97911901375a6e93565108f92583c2b7b39184a31b6099fcfcdeda24,0x7E3a6e22cac4eECeceCc7D9086d7c0fE1195Ec16,,1,1.43,1X2,,Bundesliga,SK Puntigamer Sturm Graz vs SCR Altach,SK Puntigamer Sturm Graz,SCR Altach,0xdc757481a8a8ac864d99e3b4e23fba9406b88654e49f3b581336a135e69318d0,L19729749,0,0,SUCCESS,1,1786781668,1786815000,2.325581,SXR,0x6629Ce1Cf35Cc1329ebB4F63202F3f197b3F050B
0xeded193d82b037ab9ff58f59af24e4987be491e6c2fc32ce9266fee00eccba4a,0xFD3a22179CA4104E97c670b834750Bd7Ff310b17,1,13.53999,1.5737,Asian Handicap (-0.5),SK Puntigamer Sturm Graz -0.5,Bundesliga,SK Puntigamer Sturm Graz vs SCR Altach,SK Puntigamer Sturm Graz,SCR Altach,0x36a76d58e9231e3dd642f9251390e1208b0d957b9aa4aba2d9cb4086412e39f3,L19729749,0,0,SUCCESS,1,1786781558,1786815000,23.599111,SXR,0x6629Ce1Cf35Cc1329ebB4F63202F3f197b3F050B
0xe03f8e1d89b975d00524d7d3c3e8d30ce9016c71a8d61dd41eaa4cdd7ef723e2,0xFD3a22179CA4104E97c670b834750Bd7Ff310b17,1,93,1.25,1X2,Tie,Bundesliga,SK Puntigamer Sturm Graz vs SCR Altach,SK Puntigamer Sturm Graz,SCR Altach,0x7d6afaf8e2eb0de516228f14d3347f326155bbd184f5f4e552904aabedd1f399,L19729749,0,0,SUCCESS,1,1786781557,1786815000,372.0,SXR,0x6629Ce1Cf35Cc1329ebB4F63202F3f197b3F050B
0x6ab18c3d6ad4480863951529a2f24c02bdf99654924908b7a1c5e0003813c335,0xFD3a22179CA4104E97c670b834750Bd7Ff310b17,,16.70545,1.825,1X2,,Bundesliga,SK Puntigamer Sturm Graz vs SCR Altach,SK Puntigamer Sturm Graz,SCR Altach,0x67081e39b5bdafac1f6e73bfb5b6ad7f5270717f800f67f430d126b0012152be,L19729749,0,0,SUCCESS,1,1786781556,1786815000,20.24903,SXR,0x6629Ce1Cf35Cc1329ebB4F63202F3f197b3F050B
0x883c03e6e37ba2928ba8187def6e2d23fff87b9c42e64391853f92cd2b807301,0xFD3a22179CA4104E97c670b834750Bd7Ff310b17,,256.5,1.76,1X2,,Bundesliga,SK Puntigamer Sturm Graz vs SCR Altach,SK Puntigamer Sturm Graz,SCR Altach,0x7d6afaf8e2eb0de516228f14d3347f326155bbd184f5f4e552904aabedd1f399,L19729749,0,0,SUCCESS,1,1786781541,1786815000,337.5,SXR,0x6629Ce1Cf35Cc1329ebB4F63202F3f197b3F050B
0x66b1b520bc3067b9c082aab24f68da6a8de0928517f5a640155b3684438b6d4f,0xFD3a22179CA4104E97c670b834750Bd7Ff310b17,1,14.00999,1.57,Asian Handicap (-0.5),SK Puntigamer Sturm Graz -0.5,Bundesliga,SK Puntigamer Sturm Graz vs SCR Altach,SK Puntigamer Sturm Graz,SCR Altach,0x36a76d58e9231e3dd642f9251390e1208b0d957b9aa4aba2d9cb4086412e39f3,L19729749,0,0,SUCCESS,1,1786781541,1786815000,24.57893,SXR,0x6629Ce1Cf35Cc1329ebB4F63202F3f197b3F050B
0x3e5d3273b1522224dcafb87b032cf777a12abee1268073765664567f8102301c,0xFD3a22179CA4104E97c670b834750Bd7Ff310b17,,947.06589,1.575,Asian Handicap (-1),,Bundesliga,SK Puntigamer Sturm Graz vs SCR Altach,SK Puntigamer Sturm Graz,SCR Altach,0x5aa821b44042abcbe7ef9cc770872965f5d8f3cad2bcddf82f2f1b1f22d6b87b,L19729749,0,0,SUCCESS,1,1786781541,1786815000,1647.071113,SXR,0x6629Ce1Cf35Cc1329ebB4F63202F3f197b3F050B
0xb8541fcb93a70e4f74ed43167dc8888f15ccf124df2801ec678a3555aa345f9a,0xFD3a22179CA4104E97c670b834750Bd7Ff310b17,1,125.04,1.57,1X2,SK Puntigamer Sturm Graz,Bundesliga,SK Puntigamer Sturm Graz vs SCR Altach,SK Puntigamer Sturm Graz,SCR Altach,0xdc757481a8a8ac864d99e3b4e23fba9406b88654e49f3b581336a135e69318d0,L19729749,0,0,SUCCESS,1,1786781540,1786815000,219.368421,SXR,0x6629Ce1Cf35Cc1329ebB4F63202F3f197b3F050B
0xb59fef6b58a7af410c1d57b2ce43374b8435fa0117b4dba90e2205374d589a1d,0xFD3a22179CA4104E97c670b834750Bd7Ff310b17,,67.64,1.575,Asian Handicap (-1),,Bundesliga,SK Puntigamer Sturm Graz vs SCR Altach,SK Puntigamer Sturm Graz,SCR Altach,0x5aa821b44042abcbe7ef9cc770872965f5d8f3cad2bcddf82f2f1b1f22d6b87b,L19729749,0,0,SUCCESS,1,1786781537,1786815000,117.634783,SXR,0x6629Ce1Cf35Cc1329ebB4F63202F3f197b3F050B
0x8eb515531d108c8c89a4f54e9080921b3b503361b6333094f86f0991ecc4230c,0xFD3a22179CA4104E97c670b834750Bd7Ff310b17,,180.40541,1.445,1X2,,Bundesliga,SK Puntigamer Sturm Graz vs SCR Altach,SK Puntigamer Sturm Graz,SCR Altach,0xdc757481a8a8ac864d99e3b4e23fba9406b88654e49f3b581336a135e69318d0,L19729749,0,0,SUCCESS,1,1786781080,1786815000,405.405416,SXR,0x6629Ce1Cf35Cc1329ebB4F63202F3f197b3F050B
0xc5af80a94df42663837e0b5630b08dda178afe85c20a309056a0110961087ef2,0xFD3a22179CA4104E97c670b834750Bd7Ff310b17,,7.955,1.5263,Asian Handicap (-1),,Bundesliga,SK Puntigamer Sturm Graz vs SCR Altach,SK Puntigamer Sturm Graz,SCR Altach,0x5aa821b44042abcbe7ef9cc770872965f5d8f3cad2bcddf82f2f1b1f22d6b87b,L19729749,0,0,SUCCESS,1,1786780504,1786815000,15.11639,SXR,0x6629Ce1Cf35Cc1329ebB4F63202F3f197b3F050B
0xa02211098f9e0e9cde92da89a1549f244d82dcf8b4e237a95f82c19fe9d0111d,0xFD3a22179CA4104E97c670b834750Bd7Ff310b17,,7.955,1.5263,Asian Handicap (-0.5),,Bundesliga,SK Puntigamer Sturm Graz vs SCR Altach,SK Puntigamer Sturm Graz,SCR Altach,0x36a76d58e9231e3dd642f9251390e1208b0d957b9aa4aba2d9cb4086412e39f3,L19729749,0,0,SUCCESS,1,1786780504,1786815000,15.11639,SXR,0x6629Ce1Cf35Cc1329ebB4F63202F3f197b3F050B
0xcfdf70561ef55ea79db1fb367ef310d31d5f611aa367536e963ed1b549160d61,0x68E1818FF20BBe84F9be9E0A4A395FB11079Bd35,,156.74,1.46,1X2,,Bundesliga,SK Puntigamer Sturm Graz vs SCR Altach,SK Puntigamer Sturm Graz,SCR Altach,0xdc757481a8a8ac864d99e3b4e23fba9406b88654e49f3b581336a135e69318d0,L19729749,0,0,SUCCESS,1,1786780420,1786815000,340.73913,SXR,0x6629Ce1Cf35Cc1329ebB4F63202F3f197b3F050B
0x51ce843a81fbbb469427410348578cdf84a6cf08f110fbdb330af0301c5c9d59,0x68E1818FF20BBe84F9be9E0A4A395FB11079Bd35,1,80,1.205,1X2,SCR Altach,Bundesliga,SK Puntigamer Sturm Graz vs SCR Altach,SK Puntigamer Sturm Graz,SCR Altach,0x67081e39b5bdafac1f6e73bfb5b6ad7f5270717f800f67f430d126b0012152be,L19729749,0,0,SUCCESS,1,1786780419,1786815000,390.243902,SXR,0x6629Ce1Cf35Cc1329ebB4F63202F3f197b3F050B
0x43ab6823b5405fe2a63124b46419923fbc86a11ef1276f93107f5168e5691bca,0x68E1818FF20BBe84F9be9E0A4A395FB11079Bd35,1,80,1.205,1X2,SCR Altach,Bundesliga,SK Puntigamer Sturm Graz vs SCR Altach,SK Puntigamer Sturm Graz,SCR Altach,0x67081e39b5bdafac1f6e73bfb5b6ad7f5270717f800f67f430d126b0012152be,L19729749,0,0,SUCCESS,1,1786780410,1786815000,390.243902,SXR,0x6629Ce1Cf35Cc1329ebB4F63202F3f197b3F050B
0x767b830b6b9e20e2b8970dde90f703e756ca9dfb90b723db864e5d7bded0e241,0x97EC1C9682F70091efB04e97b0B34698cF815EE1,1,100.27,1.285,1X2,Tie,Bundesliga,SC Austria Lustenau vs Wolfsberger AC,SC Austria Lustenau,Wolfsberger AC,0x2c1dfe8f7d95e6aab7074259c7a84858e4bb36b57d078d41fdeb8293c1b9d1af,L19733157,0,0,SUCCESS,1,1786780232,1786806000,351.824561,SXR,0x6629Ce1Cf35Cc1329ebB4F63202F3f197b3F050B
0xa945b666ece1f6956bc961935877313c49ba276442c14df4984ce37b40e1260a,0x97EC1C9682F70091efB04e97b0B34698cF815EE1,1,32.57,1.5463,Asian Handicap (-0.5),SK Puntigamer Sturm Graz -0.5,Bundesliga,SK Puntigamer Sturm Graz vs SCR Altach,SK Puntigamer Sturm Graz,SCR Altach,0x36a76d58e9231e3dd642f9251390e1208b0d957b9aa4aba2d9cb4086412e39f3,L19729749,0,0,SUCCESS,1,1786779370,1786815000,59.624714,SXR,0x6629Ce1Cf35Cc1329ebB4F63202F3f197b3F050B
0x0d3acbb1f8c7e72a93db5b071fa7236857d3dc3a4d12223383cf472db18b7e29,0x97EC1C9682F70091efB04e97b0B34698cF815EE1,1,59.99,1.4625,1X2,Wolfsberger AC,Bundesliga,SC Austria Lustenau vs Wolfsberger AC,SC Austria Lustenau,Wolfsberger AC,0xd8ede877239899bf938c89c412c9439bf1da6aecd86d8b9ed30f9dde6eb6cde8,L19733157,0,0,SUCCESS,1,1786779234,1786806000,129.708108,SXR,0x6629Ce1Cf35Cc1329ebB4F63202F3f197b3F050B
0xc6d2a8b853b5450aa412843cb679453d847a77da5c64a0224bb149251893d5ff,0xFD3a22179CA4104E97c670b834750Bd7Ff310b17,,60,1.4525,1X2,,Bundesliga,SK Puntigamer Sturm Graz vs SCR Altach,SK Puntigamer Sturm Graz,SCR Altach,0xdc757481a8a8ac864d99e3b4e23fba9406b88654e49f3b581336a135e69318d0,L19729749,0,0,SUCCESS,1,1786769573,1786815000,132.596685,SXR,0x6629Ce1Cf35Cc1329ebB4F63202F3f197b3F050B
0xce5fff94a655b2cdbb41d25d6a81cf122f52ea3c120ae800cc043a34a5db9c7a,0xFD3a22179CA4104E97c670b834750Bd7Ff310b17,,10,1.335,Under/Over (2),,Bundesliga,SK Puntigamer Sturm Graz vs SCR Altach,SK Puntigamer Sturm Graz,SCR Altach,0x6954ef56223b5a43400e053a1675e04b88b62ca56558724cf0f6ed80166863d4,L19729749,0,0,SUCCESS,1,1786769552,1786815000,29.850746,SXR,0x6629Ce1Cf35Cc1329ebB4F63202F3f197b3F050B
0xd45786b98ae91370804a2c736206ead39e1fbca9cc23313580a6460ce8890120,0xFD3a22179CA4104E97c670b834750Bd7Ff310b17,,0.99996,1.8275,1X2,,Bundesliga,SK Puntigamer Sturm Graz vs SCR Altach,SK Puntigamer Sturm Graz,SCR Altach,0x67081e39b5bdafac1f6e73bfb5b6ad7f5270717f800f67f430d126b0012152be,L19729749,0,0,SUCCESS,1,1786743606,1786815000,1.208411,SXR,0x6629Ce1Cf35Cc1329ebB4F63202F3f197b3F050B
0xe3673179171948d22973056f2b65336938ec2bd74178551590fae764681a32b0,0xFD3a22179CA4104E97c670b834750Bd7Ff310b17,1,37.04,1.7563,Bundesliga,SK Puntigamer Sturm Graz,Bundesliga,SK Puntigamer Sturm Graz vs SCR Altach,SK Puntigamer Sturm Graz,SCR Altach,0x9ad9bbce76c9cbd30662e8a4ab5c3452c8c358a613fd72a50c8b7181dc33fd63,L19729749,0,0,SUCCESS,1,1786742639,1786815000,48.978512,SXR,0x6629Ce1Cf35Cc1329ebB4F63202F3f197b3F050B
0x8daa66082122677c89c3970f2fc64caee62b6057e931a200df421be096656432,0xFD3a22179CA4104E97c670b834750Bd7Ff310b17,1,0.99998,1.7063,Asian Handicap (1),SC Austria Lustenau +1,Bundesliga,SC Austria Lustenau vs Wolfsberger AC,SC Austria Lustenau,Wolfsberger AC,0xba0ea7711f0d7bcf759821de108afa2d44f1e764dbb51fedf4086a71d5aeb317,L19733157,0,0,SUCCESS,1,1786735874,1786806000,1.415901,SXR,0x6629Ce1Cf35Cc1329ebB4F63202F3f197b3F050B
0x54c3e231f8760e93b735c3aad70b0f6d9bf290f79601bb3e545369171a42f0a6,0x97EC1C9682F70091efB04e97b0B34698cF815EE1,1,26.06999,1.5475,Asian Handicap (-1),LASK Linz -1,Bundesliga,LASK Linz vs SV Ried,LASK Linz,SV Ried,0x01fc28e4c05acb8383b677e0a4bb44b143f7f41bef6d4a5a65902c464ac1e8d9,L19722986,0,0,SUCCESS,1,1786716750,1786728600,47.61642,SXR,0x6629Ce1Cf35Cc1329ebB4F63202F3f197b3F050B
0x0221ccc43787d77e6f9bc6e244999aa02abe58f4c73f1e3e86f8c053ab060c42,0xFD3a22179CA4104E97c670b834750Bd7Ff310b17,1,66.68,1.495,Under/Over (3),Over 3.0,Bundesliga,LASK Linz vs SV Ried,LASK Linz,SV Ried,0xd395255f1fdaa1f3bea5a106e2055834680bdee9a58a41895c7a38f31f80beae,L19722986,0,0,SUCCESS,1,1786714580,1786728600,134.707071,SXR,0x6629Ce1Cf35Cc1329ebB4F63202F3f197b3F050B
0xa45e722b2f8857d69d73317ce3084dc2e69df0903bf371409451731203c676d2,0xFD3a22179CA4104E97c670b834750Bd7Ff310b17,,30.68,1.625,Under/Over (3.5),,Bundesliga,LASK Linz vs SV Ried,LASK Linz,SV Ried,0x154b733171c7f01e7789a18e341fb6e3e8121f02e74e4febf14af52e6bd870fc,L19722986,0,0,SUCCESS,1,1786714022,1786728600,49.088,SXR,0x6629Ce1Cf35Cc1329ebB4F63202F3f197b3F050B
0x8c91335ae9ec2badc857e675d35ff8e3818eb0b802c3d05fc3ebf796c3f18195,0x97EC1C9682F70091efB04e97b0B34698cF815EE1,1,6.89,1.4937,Under/Over (3),Over 3.0,Bundesliga,LASK Linz vs SV Ried,LASK Linz,SV Ried,0xd395255f1fdaa1f3bea5a106e2055834680bdee9a58a41895c7a38f31f80beae,L19722986,0,0,SUCCESS,1,1786713936,1786728600,13.95443,SXR,0x6629Ce1Cf35Cc1329ebB4F63202F3f197b3F050B
0xd55646b617b0f28d4b7c8f4a7157567db85abf92b455bd498870f96fbaeb125a,0xFD3a22179CA4104E97c670b834750Bd7Ff310b17,1,1.76999,1.66,Asian Handicap (-0.5),LASK Linz -0.5,Bundesliga,LASK Linz vs SV Ried,LASK Linz,SV Ried,0x8ed613eccc85721e5128096540f9355a0f8cf59e645c356e533ccd8eb1928ec5,L19722986,0,0,SUCCESS,1,1786712107,1786728600,2.681803,SXR,0x6629Ce1Cf35Cc1329ebB4F63202F3f197b3F050B
0xc63dfc3e1f7d71137952fe723ef12e4c36bed56f14b5b69b20f56f7c04cb9fb1,0xFD3a22179CA4104E97c670b834750Bd7Ff310b17,1,2515.19,1.5437,Asian Handicap (-1),LASK Linz -1,Bundesliga,LASK Linz vs SV Ried,LASK Linz,SV Ried,0x01fc28e4c05acb8383b677e0a4bb44b143f7f41bef6d4a5a65902c464ac1e8d9,L19722986,0,0,SUCCESS,1,1786711888,1786728600,4625.636782,SXR,0x6629Ce1Cf35Cc1329ebB4F63202F3f197b3F050B
0x2bcb64c2bfd3514856c15034bf37585fb056e6d201e48aa560646e765f2bf612,0xFD3a22179CA4104E97c670b834750Bd7Ff310b17,1,26.12,1.5413,Asian Handicap (-1),LASK Linz -1,Bundesliga,LASK Linz vs SV Ried,LASK Linz,SV Ried,0x01fc28e4c05acb8383b677e0a4bb44b143f7f41bef6d4a5a65902c464ac1e8d9,L19722986,0,0,SUCCESS,1,1786710267,1786728600,48.258661,SXR,0x6629Ce1Cf35Cc1329ebB4F63202F3f197b3F050B
0xbc037195afbbb894f93552f09a96dbf26e085b032162fd371bdcd6e507cc6030,0xFD3a22179CA4104E97c670b834750Bd7Ff310b17,1,22.3,1.5437,Asian Handicap (-1),LASK Linz -1,Bundesliga,LASK Linz vs SV Ried,LASK Linz,SV Ried,0x01fc28e4c05acb8383b677e0a4bb44b143f7f41bef6d4a5a65902c464ac1e8d9,L19722986,0,0,SUCCESS,1,1786709725,1786728600,41.011494,SXR,0x6629Ce1Cf35Cc1329ebB4F63202F3f197b3F050B
0x8bb6ce50f9cdd747617cc6ddd8923bac84c636a43b5747ece36118588d661e56,0xFD3a22179CA4104E97c670b834750Bd7Ff310b17,1,2.31,1.6612,Asian Handicap (-0.5),LASK Linz -0.5,Bundesliga,LASK Linz vs SV Ried,LASK Linz,SV Ried,0x8ed613eccc85721e5128096540f9355a0f8cf59e645c356e533ccd8eb1928ec5,L19722986,0,0,SUCCESS,1,1786709683,1786728600,3.493384,SXR,0x6629Ce1Cf35Cc1329ebB4F63202F3f197b3F050B
0x2d42370b05751a34d03be1367afb327b6e72ae3b341fa63651c557748608e06f,0x97EC1C9682F70091efB04e97b0B34698cF815EE1,1,91.41,1.5437,Asian Handicap (-1),LASK Linz -1,Bundesliga,LASK Linz vs SV Ried,LASK Linz,SV Ried,0x01fc28e4c05acb8383b677e0a4bb44b143f7f41bef6d4a5a65902c464ac1e8d9,L19722986,0,0,SUCCESS,1,1786706976,1786728600,168.110345,SXR,0x6629Ce1Cf35Cc1329ebB4F63202F3f197b3F050B
0x078ea10216f3741d1757134ccf5904d995bb1b31fb4dda2433595eacd7c26ca8,0xFD3a22179CA4104E97c670b834750Bd7Ff310b17,1,3.6,1.5425,Asian Handicap (-1),LASK Linz -1,Bundesliga,LASK Linz vs SV Ried,LASK Linz,SV Ried,0x01fc28e4c05acb8383b677e0a4bb44b143f7f41bef6d4a5a65902c464ac1e8d9,L19722986,0,0,SUCCESS,1,1786705939,1786728600,6.635945,SXR,0x6629Ce1Cf35Cc1329ebB4F63202F3f197b3F050B
0x89225b7389497635b7a6d5762e0312ef71ce7e6aad4bacb31d914cb8e8063156,0x97EC1C9682F70091efB04e97b0B34698cF815EE1,,228.48997,1.8613,1X2,,Bundesliga,LASK Linz vs SV Ried,LASK Linz,SV Ried,0xe385ab4b9eeee1b6ee91ce4a2452c903e1102819fc6a3ef47b0b71ecca4789e7,L19722986,0,0,SUCCESS,1,1786704847,1786728600,265.300401,SXR,0x6629Ce1Cf35Cc1329ebB4F63202F3f197b3F050B
0x798a2a121340304c054e489a82c2fbcbbacbb2b5a10fac5eccae9d0e6f953242,0xFD3a22179CA4104E97c670b834750Bd7Ff310b17,1,36.96,1.75,Under/Over (2),Over 2.0,Bundesliga,LASK Linz vs SV Ried,LASK Linz,SV Ried,0x0f99df90038c8a3c1e5030e6029938911a2c71ab0d65fac4b3536f297fc63cbc,L19722986,0,0,SUCCESS,1,1786704771,1786728600,49.28,SXR,0x6629Ce1Cf35Cc1329ebB4F63202F3f197b3F050B
0xd7c7ed5aee6d42691c0cdba24cc2a4844a2148619b251e896e222af12c3f399a,0xFD3a22179CA4104E97c670b834750Bd7Ff310b17,1,36.96,1.75,Under/Over (2),Over 2.0,Bundesliga,LASK Linz vs SV Ried,LASK Linz,SV Ried,0x0f99df90038c8a3c1e5030e6029938911a2c71ab0d65fac4b3536f297fc63cbc,L19722986,0,0,SUCCESS,1,1786704503,1786728600,49.28,SXR,0x6629Ce1Cf35Cc1329ebB4F63202F3f197b3F050B
0x91957fcc3f4e1390d64a84f24cad4ac44f2f9926c17ed7cd978de77f93ab840a,0xFD3a22179CA4104E97c670b834750Bd7Ff310b17,1,36.96,1.75,Under/Over (2),Over 2.0,Bundesliga,LASK Linz vs SV Ried,LASK Linz,SV Ried,0x0f99df90038c8a3c1e5030e6029938911a2c71ab0d65fac4b3536f297fc63cbc,L19722986,0,0,SUCCESS,1,1786704472,1786728600,49.28,SXR,0x6629Ce1Cf35Cc1329ebB4F63202F3f197b3F050B
0x33ec03964bc9b5353ad6c834080797ae574d6738a2f6ecafd9040ba4d9dc21d6,0xFD3a22179CA4104E97c670b834750Bd7Ff310b17,1,36.96,1.75,Under/Over (2),Over 2.0,Bundesliga,LASK Linz vs SV Ried,LASK Linz,SV Ried,0x0f99df90038c8a3c1e5030e6029938911a2c71ab0d65fac4b3536f297fc63cbc,L19722986,0,0,SUCCESS,1,1786704050,1786728600,49.28,SXR,0x6629Ce1Cf35Cc1329ebB4F63202F3f197b3F050B
0x060bae1553ca0b1b27e0303f5cb0b1a208018b22ad43c47887b7eab9174eb11f,0x1EEc232fcA954D560922A46C0dc77A1d5Fc1278C,1,1.49999,1.7588,Under/Over (2),Over 2.0,Bundesliga,LASK Linz vs SV Ried,LASK Linz,SV Ried,0x0f99df90038c8a3c1e5030e6029938911a2c71ab0d65fac4b3536f297fc63cbc,L19722986,0,0,SUCCESS,1,1786700992,1786728600,1.976923,SXR,0x6629Ce1Cf35Cc1329ebB4F63202F3f197b3F050B
0x89945f48362d177a1a075c347f0cee9e0d2949251232062e79954c3fdbda8548,0xFD3a22179CA4104E97c670b834750Bd7Ff310b17,1,36.69,1.7475,Under/Over (2),Over 2.0,Bundesliga,LASK Linz vs SV Ried,LASK Linz,SV Ried,0x0f99df90038c8a3c1e5030e6029938911a2c71ab0d65fac4b3536f297fc63cbc,L19722986,0,0,SUCCESS,1,1786697954,1786728600,49.083612,SXR,0x6629Ce1Cf35Cc1329ebB4F63202F3f197b3F050B
0x93f8ae4db5435f2088469fb82cd900c151ecf6b1707f1fa749e6f328a01576ca,0xFD3a22179CA4104E97c670b834750Bd7Ff310b17,1,35.77998,1.75,Under/Over (2),Over 2.0,Bundesliga,LASK Linz vs SV Ried,LASK Linz,SV Ried,0x0f99df90038c8a3c1e5030e6029938911a2c71ab0d65fac4b3536f297fc63cbc,L19722986,0,0,SUCCESS,1,1786696250,1786728600,47.70664,SXR,0x6629Ce1Cf35Cc1329ebB4F63202F3f197b3F050B
0x6c37a9cb7783035c2363518b021ca262c492e837d2f5566a7197ec81c9c7de3c,0x2Bd56fa0D7b1Add3639Ee23f32A2947576924f15,1,557.83,1.5437,Asian Handicap (-1),LASK Linz -1,Bundesliga,LASK Linz vs SV Ried,LASK Linz,SV Ried,0x01fc28e4c05acb8383b677e0a4bb44b143f7f41bef6d4a5a65902c464ac1e8d9,L19722986,0,0,SUCCESS,1,1786696222,1786728600,1025.894253,SXR,0x6629Ce1Cf35Cc1329ebB4F63202F3f197b3F050B
0xb8844dc9cad239dda58468ea8057a5d42a49adaeb39f853d1d8a2f72f86b2a27,0x97EC1C9682F70091efB04e97b0B34698cF815EE1,1,22.83999,1.5437,Asian Handicap (-1),LASK Linz -1,Bundesliga,LASK Linz vs SV Ried,LASK Linz,SV Ried,0x01fc28e4c05acb8383b677e0a4bb44b143f7f41bef6d4a5a65902c464ac1e8d9,L19722986,0,0,SUCCESS,1,1786695902,1786728600,42.004579,SXR,0x6629Ce1Cf35Cc1329ebB4F63202F3f197b3F050B
0x54732df74313495ae4750f10f2ec1b1437622f274d00a56e3a61e0c23a1acde2,0xFD3a22179CA4104E97c670b834750Bd7Ff310b17,,296.6897,1.4612,Asian Handicap (-1),,Bundesliga,LASK Linz vs SV Ried,LASK Linz,SV Ried,0x01fc28e4c05acb8383b677e0a4bb44b143f7f41bef6d4a5a65902c464ac1e8d9,L19722986,0,0,SUCCESS,1,1786695873,1786728600,643.229702,SXR,0x6629Ce1Cf35Cc1329ebB4F63202F3f197b3F050B
0x6388d0dbf04f19becbc0ad458a4000da4d11cf0c26aa897bddfdef754fa335a6,0x4c67719710F563c9CE4Df1836c8d643BACc6986a,1,346.54,1.54,Asian Handicap (-1),LASK Linz -1,Bundesliga,LASK Linz vs SV Ried,LASK Linz,SV Ried,0x01fc28e4c05acb8383b677e0a4bb44b143f7f41bef6d4a5a65902c464ac1e8d9,L19722986,0,0,SUCCESS,1,1786695869,1786728600,641.740741,SXR,0x6629Ce1Cf35Cc1329ebB4F63202F3f197b3F050B
0x1d90dd2b57deb4a163be22ec0027c40ec930edc46ca3efc1b7765006d5e9eebe,0x5D69C3af95Ff47088b415B25F41b1fFDc8571063,1,1,1.54,Asian Handicap (-1),LASK Linz -1,Bundesliga,LASK Linz vs SV Ried,LASK Linz,SV Ried,0x01fc28e4c05acb8383b677e0a4bb44b143f7f41bef6d4a5a65902c464ac1e8d9,L19722986,0,0,SUCCESS,1,1786695799,1786728600,1.851852,SXR,0x6629Ce1Cf35Cc1329ebB4F63202F3f197b3F050B
0x48c4a72e45740310d60b3a648deeb512824e451ea186d1e82f9627f5d1bccd51,0xFD3a22179CA4104E97c670b834750Bd7Ff310b17,1,0.99999,1.75,Under/Over (2),Over 2.0,Bundesliga,LASK Linz vs SV Ried,LASK Linz,SV Ried,0x0f99df90038c8a3c1e5030e6029938911a2c71ab0d65fac4b3536f297fc63cbc,L19722986,0,0,SUCCESS,1,1786695700,1786728600,1.33332,SXR,0x6629Ce1Cf35Cc1329ebB4F63202F3f197b3F050B
0x4ebc4769fdeafa179bcff07b1f83a83c2f713dd0b038325187723d036f03b296,0x9E555D159D333EAE7346aE58D3d57dDE9680a9F7,1,484.79999,1.54,Asian Handicap (-1),LASK Linz -1,Bundesliga,LASK Linz vs SV Ried,LASK Linz,SV Ried,0x01fc28e4c05acb8383b677e0a4bb44b143f7f41bef6d4a5a65902c464ac1e8d9,L19722986,0,0,SUCCESS,1,1786695653,1786728600,897.777759,SXR,0x6629Ce1Cf35Cc1329ebB4F63202F3f197b3F050B
0xb62e61543153c0b9ab6a1a3fd388b5a709ce3356240d5f06b0b8a0c62bad8b1a,0xa141274f45d09C2533035cd3c6ab42F3470dF7A8,1,300,1.54,Asian Handicap (-1),LASK Linz -1,Bundesliga,LASK Linz vs SV Ried,LASK Linz,SV Ried,0x01fc28e4c05acb8383b677e0a4bb44b143f7f41bef6d4a5a65902c464ac1e8d9,L19722986,0,0,SUCCESS,1,1786695037,1786728600,555.555556,SXR,0x6629Ce1Cf35Cc1329ebB4F63202F3f197b3F050B
0xcb685b4fae14c825bf9607310b4cfb4892294304396aedd620dbe8ca7410b54c,0xa141274f45d09C2533035cd3c6ab42F3470dF7A8,1,300,1.54,Asian Handicap (-1),LASK Linz -1,Bundesliga,LASK Linz vs SV Ried,LASK Linz,SV Ried,0x01fc28e4c05acb8383b677e0a4bb44b143f7f41bef6d4a5a65902c464ac1e8d9,L19722986,0,0,SUCCESS,1,1786694953,1786728600,555.555556,SXR,0x6629Ce1Cf35Cc1329ebB4F63202F3f197b3F050B
0xbd2bb212ebdbf36503fd81ffa846a8c770a6aae66b0380af0fcc4a45aa66cc55,0xa141274f45d09C2533035cd3c6ab42F3470dF7A8,1,300,1.54,Asian Handicap (-1),LASK Linz -1,Bundesliga,LASK Linz vs SV Ried,LASK Linz,SV Ried,0x01fc28e4c05acb8383b677e0a4bb44b143f7f41bef6d4a5a65902c464ac1e8d9,L19722986,0,0,SUCCESS,1,1786694900,1786728600,555.555556,SXR,0x6629Ce1Cf35Cc1329ebB4F63202F3f197b3F050B
0x9a4c9495704ee89e4ba79b9b36a31528db556fff6ab2c9dc478536c1cfb4c025,0x97EC1C9682F70091efB04e97b0B34698cF815EE1,,23.34,1.4638,Asian Handicap (-1),,Bundesliga,LASK Linz vs SV Ried,LASK Linz,SV Ried,0x01fc28e4c05acb8383b677e0a4bb44b143f7f41bef6d4a5a65902c464ac1e8d9,L19722986,0,0,SUCCESS,1,1786682534,1786728600,50.328841,SXR,0x6629Ce1Cf35Cc1329ebB4F63202F3f197b3F050B
0xbc3f9a4aae23f8578c48b6575d84b3634a2c81e75a2b7c12b7aa17d431671a0e,0xFD3a22179CA4104E97c670b834750Bd7Ff310b17,,2.08,1.2625,Under/Over (2),,Bundesliga,LASK Linz vs SV Ried,LASK Linz,SV Ried,0x0f99df90038c8a3c1e5030e6029938911a2c71ab0d65fac4b3536f297fc63cbc,L19722986,0,0,SUCCESS,1,1786678003,1786728600,7.92381,SXR,0x6629Ce1Cf35Cc1329ebB4F63202F3f197b3F050B
